{"cameraMode":{"drawMode":0,"name":"Shaded","section":"Shading Mode"},"sceneLighting":false,"audioPlay":false,"sceneViewState":{"showFog":true,"showMaterialUpdate":false,"showSkybox":true,"showFlares":true,"showImageEffects":true,"showParticleSystems":true},"in2DMode":false,"pivot":{"x":111.4188461303711,"y":0.20359492301940919,"z":134.40040588378907},"rotation":{"x":-0.16178490221500398,"y":-0.333741694688797,"z":0.0582551509141922,"w":-0.9268487095832825},"size":2.8578836917877199,"orthographic":false}