{"cameraMode":{"drawMode":0,"name":"Shaded","section":"Shading Mode"},"sceneLighting":false,"audioPlay":false,"sceneViewState":{"showFog":true,"showMaterialUpdate":false,"showSkybox":true,"showFlares":true,"showImageEffects":true,"showParticleSystems":true},"in2DMode":false,"pivot":{"x":113.43722534179688,"y":-2.0560896396636965,"z":140.6182403564453},"rotation":{"x":0.12116802483797074,"y":-0.8441802859306336,"z":0.2149370163679123,"w":0.47589927911758425},"size":4.041658401489258,"orthographic":false}