{"cameraMode":{"drawMode":0,"name":"Shaded","section":"Shading Mode"},"sceneLighting":true,"audioPlay":false,"sceneViewState":{"showFog":true,"showMaterialUpdate":false,"showSkybox":true,"showFlares":true,"showImageEffects":true,"showParticleSystems":true},"in2DMode":false,"pivot":{"x":127.11559295654297,"y":1.0010030269622803,"z":141.044677734375},"rotation":{"x":-0.02665024809539318,"y":0.9611599445343018,"z":-0.10013917833566666,"w":-0.25579991936683657},"size":4.308261394500732,"orthographic":false}